{"bag": [0.6480894256214117, 0.21936922503915346, 0.34216296781370803], "basket": [0.9417579781436096, 0.9833171290433436, 0.30434329822519834], "blanket": [0.5748181676501606, 0.630643147579098, 0.620554106370031], "blinds": [0.25291471062735926, 0.5403422468885416, 0.4366385322491392], "book": [0.4809093338118927, 0.0026910813227390973, 0.15150700765399827], "bottle": [0.18620967041057446, 0.292369028091764, 0.16074129688991923], "box": [0.37238152666998525, 0.8299176035462039, 0.23287070312073088], "broom": [0.8534795474585039, 0.6287977270332219, 0.7691818915860151], "cabinet": [0.18953810513074798, 0.6228946185154796, 0.9317060512295496], "can": [0.6496776989409029, 0.7030092410691928, 0.7888170867648808], "carpet": [0.23538256779550604, 0.42538849459327654, 0.7318547140400622], "chair": [0.6482683662364862, 0.24566926760568897, 0.3552383483985684], "clock": [0.21669131634811956, 0.07573211591569029, 0.3682658715642092], "computer": [0.13384160958031022, 0.6534100333961423, 0.5024915927492634], "container": [0.44626716390742627, 0.8467263543119272, 0.6428075440141356], "counter": [0.2532348000988627, 0.7637702399357013, 0.7894617825539811], "cup": [0.5309172698459151, 0.9536723100198693, 0.22144491615317907], "curtain": [0.1946422020288756, 0.10596663092588832, 0.23117349954905397], "cushion": [0.5743929155488063, 0.4922045061125375, 0.7959727891237081], "foot rest": [0.34278373678851204, 0.490275366165254, 0.2779520824569841], "heater": [0.24304167326701498, 0.3523620510731348, 0.44058949721968643], "keyboard": [0.24222294428551439, 0.47256669408394136, 0.7370615673603269], "lamp": [0.5423401850091879, 0.6669768741499639, 0.5814423694998271], "medical machine": [0.316544623991447, 0.42799897223149885, 0.18095839831178917], "monitor": [0.2854885456429307, 0.5684503437788473, 0.5756039837829966], "mouse": [0.9262692060538521, 0.3960552592851271, 0.6280295099537896], "sink": [0.061001961285284234, 0.7800519441604595, 0.7967469242867549], "sofa": [0.9064827619694091, 0.3547139960973825, 0.35092009831058923], "speaker": [0.2781720127556112, 0.23182984976157217, 0.689603132987877], "suitcase": [0.6736597962717794, 0.3182160741024419, 0.002005126028002513], "table": [0.4783270422616439, 0.4765371845557599, 0.30790066174464625], "tablet": [0.5974231714025038, 0.2830426459248838, 0.8576971561283822], "tissue box": [0.7662041555497179, 0.9644721058509161, 0.6800947015099374], "toilet paper dispenser": [0.6547781194752492, 0.032783671729005315, 0.38644989084016623], "trash can": [0.6140921231582058, 0.08617681823572565, 0.8219082767824565], "tripod": [0.6487580545987442, 0.49275286905227844, 0.9146647011156932], "whiteboard": [0.9526981422244803, 0.7291069121736419, 0.8594295698571358]}